gene_symbol,ensembl_id,mechanism_layer,hpa_query_status,hpa_url,hpa_pathology_url,protein_name,uniprot,protein_class,hpa_evidence,protein_evidence,reliability_ih,antibody_count,antibodies,rna_cancer_specificity,rna_cancer_distribution,protein_tissue_specificity,protein_tissue_distribution,tissue_expression_cluster,lung_tissue_cell_type_enrichment,lung_cancer_ihc_availability,staining_level,staining_intensity,staining_quantity,tumor_vs_normal_qualitative_pattern,lung_adenocarcinoma_prognostic,lung_adenocarcinoma_prognostic_type,lung_adenocarcinoma_p_value,lung_adenocarcinoma_validation_prognostic,lung_adenocarcinoma_validation_type,lung_adenocarcinoma_validation_p_value,hpa_support_status,support_reason
COL1A1,ENSG00000108821,caf_matrix,cached,https://www.proteinatlas.org/ENSG00000108821-COL1A1,https://www.proteinatlas.org/ENSG00000108821-COL1A1/pathology/lung+cancer,Collagen type I alpha 1 chain,P02452,Cancer-related genes;Disease related genes;FDA approved drug targets;Human disease related genes;Plasma proteins;Predicted intracellular proteins;Predicted secreted proteins,Evidence at transcript level,Evidence at protein level,Approved,2,HPA011795;HPA012111,Low cancer specificity,Detected in all,Group enriched,Detected in all,Cluster 75: Ovary - Mixed function,Lung - Fibroblasts_2,unparsed_link_available,not_structured_in_json,not_structured_in_json,not_structured_in_json,manual_review_required,potential prognostic,unfavorable,9.95e-4,unprognostic,,3.45e-2,supported_or_linked_qualitative_hpa_evidence,HPA JSON record and gene/pathology links available; IHC staining details require manual review because lung-cancer IHC image-level fields are not structured in this JSON endpoint.
COL1A2,ENSG00000164692,caf_matrix,cached,https://www.proteinatlas.org/ENSG00000164692-COL1A2,https://www.proteinatlas.org/ENSG00000164692-COL1A2/pathology/lung+cancer,Collagen type I alpha 2 chain,P08123,Cancer-related genes;Disease related genes;Human disease related genes;Plasma proteins;Predicted secreted proteins,Evidence at protein level,Evidence at protein level,Approved,3,CAB032650;HPA068464;HPA068494,Low cancer specificity,Detected in all,Tissue enhanced,Detected in all,Cluster 75: Ovary - Mixed function,Lung - Fibroblasts_2,unparsed_link_available,not_structured_in_json,not_structured_in_json,not_structured_in_json,manual_review_required,unprognostic,,1.92e-2,unprognostic,,2.40e-2,supported_or_linked_qualitative_hpa_evidence,HPA JSON record and gene/pathology links available; IHC staining details require manual review because lung-cancer IHC image-level fields are not structured in this JSON endpoint.
COL3A1,ENSG00000168542,caf_matrix,cached,https://www.proteinatlas.org/ENSG00000168542-COL3A1,https://www.proteinatlas.org/ENSG00000168542-COL3A1/pathology/lung+cancer,Collagen type III alpha 1 chain,P02461,Disease related genes;FDA approved drug targets;Human disease related genes;Plasma proteins;Predicted intracellular proteins;Predicted secreted proteins,Evidence at protein level,Evidence at protein level,Approved,3,HPA007583;CAB016766;CAB059993,Low cancer specificity,Detected in all,Tissue enriched,Detected in all,Cluster 14: Adipose tissue - Angiogenesis,,unparsed_link_available,not_structured_in_json,not_structured_in_json,not_structured_in_json,manual_review_required,unprognostic,,5.82e-2,unprognostic,,8.53e-3,supported_or_linked_qualitative_hpa_evidence,HPA JSON record and gene/pathology links available; IHC staining details require manual review because lung-cancer IHC image-level fields are not structured in this JSON endpoint.
ACTA2,ENSG00000107796,caf_matrix,cached,https://www.proteinatlas.org/ENSG00000107796-ACTA2,https://www.proteinatlas.org/ENSG00000107796-ACTA2/pathology/lung+cancer,"Actin alpha 2, smooth muscle",P62736,Disease related genes;Human disease related genes;Plasma proteins;Predicted intracellular proteins,Evidence at protein level,Evidence at protein level,Enhanced,5,CAB000002;CAB003761;CAB013531;HPA041264;HPA041271,Low cancer specificity,Detected in all,Not detected,Not detected,Cluster 12: Smooth muscle tissue - ECM organization,Lung - Smooth muscle cells,unparsed_link_available,not_structured_in_json,not_structured_in_json,not_structured_in_json,manual_review_required,unprognostic,,2.45e-1,unprognostic,,2.66e-2,supported_or_linked_qualitative_hpa_evidence,HPA JSON record and gene/pathology links available; IHC staining details require manual review because lung-cancer IHC image-level fields are not structured in this JSON endpoint.
FAP,ENSG00000078098,caf_matrix,cached,https://www.proteinatlas.org/ENSG00000078098-FAP,https://www.proteinatlas.org/ENSG00000078098-FAP/pathology/lung+cancer,Fibroblast activation protein alpha,Q12884,Cancer-related genes;Enzymes;Plasma proteins;Predicted intracellular proteins;Predicted secreted proteins,Evidence at transcript level,Evidence at protein level,Uncertain,1,HPA059739,Low cancer specificity,Detected in many,Group enriched,Detected in some,Cluster 14: Adipose tissue - Angiogenesis,,unparsed_link_available,not_structured_in_json,not_structured_in_json,not_structured_in_json,manual_review_required,unprognostic,,6.19e-2,unprognostic,,2.15e-2,supported_or_linked_qualitative_hpa_evidence,HPA JSON record and gene/pathology links available; IHC staining details require manual review because lung-cancer IHC image-level fields are not structured in this JSON endpoint.
PDGFRB,ENSG00000113721,caf_matrix,cached,https://www.proteinatlas.org/ENSG00000113721-PDGFRB,https://www.proteinatlas.org/ENSG00000113721-PDGFRB/pathology/lung+cancer,Platelet derived growth factor receptor beta,P09619,Cancer-related genes;CD markers;Disease related genes;Enzymes;FDA approved drug targets;Human disease related genes;Plasma proteins;Predicted intracellular proteins;Predicted membrane proteins;RAS pathway related proteins;Transporters,Evidence at protein level,Evidence at protein level,Enhanced,3,CAB003842;CAB018144;HPA028499,Low cancer specificity,Detected in all,Low tissue specificity,Detected in all,Cluster 14: Adipose tissue - Angiogenesis,,unparsed_link_available,not_structured_in_json,not_structured_in_json,not_structured_in_json,manual_review_required,unprognostic,,1.88e-1,unprognostic,,5.43e-3,supported_or_linked_qualitative_hpa_evidence,HPA JSON record and gene/pathology links available; IHC staining details require manual review because lung-cancer IHC image-level fields are not structured in this JSON endpoint.
TAGLN,ENSG00000149591,caf_matrix,cached,https://www.proteinatlas.org/ENSG00000149591-TAGLN,https://www.proteinatlas.org/ENSG00000149591-TAGLN/pathology/lung+cancer,Transgelin,Q01995,Cancer-related genes;Plasma proteins;Predicted intracellular proteins,Evidence at protein level,Evidence at protein level,Enhanced,3,CAB001447;HPA019467;HPA061657,Low cancer specificity,Detected in all,Tissue enhanced,Detected in all,Cluster 12: Smooth muscle tissue - ECM organization,Lung - Smooth muscle cells,unparsed_link_available,not_structured_in_json,not_structured_in_json,not_structured_in_json,manual_review_required,unprognostic,,1.73e-1,unprognostic,,1.72e-2,supported_or_linked_qualitative_hpa_evidence,HPA JSON record and gene/pathology links available; IHC staining details require manual review because lung-cancer IHC image-level fields are not structured in this JSON endpoint.
MS4A1,ENSG00000156738,dendritic_b_plasma_context,cached,https://www.proteinatlas.org/ENSG00000156738-MS4A1,https://www.proteinatlas.org/ENSG00000156738-MS4A1/pathology/lung+cancer,Membrane spanning 4-domains A1,P11836,CD markers;Disease related genes;FDA approved drug targets;Human disease related genes;Predicted intracellular proteins;Predicted membrane proteins;Transporters,Evidence at protein level,Evidence at protein level,Enhanced,3,CAB000015;HPA014341;HPA014391,Low cancer specificity,Detected in many,Tissue enriched,Detected in some,Cluster 18: Lymphoid tissue - Immune response,Lung - B-cells (Lung),unparsed_link_available,not_structured_in_json,not_structured_in_json,not_structured_in_json,manual_review_required,potential prognostic,favorable,1.29e-4,unprognostic,,3.75e-2,supported_or_linked_qualitative_hpa_evidence,HPA JSON record and gene/pathology links available; IHC staining details require manual review because lung-cancer IHC image-level fields are not structured in this JSON endpoint.
CD79A,ENSG00000105369,dendritic_b_plasma_context,cached,https://www.proteinatlas.org/ENSG00000105369-CD79A,https://www.proteinatlas.org/ENSG00000105369-CD79A/pathology/lung+cancer,CD79a molecule,P11912,Cancer-related genes;CD markers;Disease related genes;Human disease related genes;Predicted intracellular proteins;Predicted membrane proteins,Evidence at protein level,Evidence at protein level,Enhanced,2,CAB000019;HPA056444,Low cancer specificity,Detected in many,Tissue enriched,Detected in single,Cluster 18: Lymphoid tissue - Immune response,Lung - Plasma cells,unparsed_link_available,not_structured_in_json,not_structured_in_json,not_structured_in_json,manual_review_required,unprognostic,,1.28e-3,unprognostic,,1.98e-2,supported_or_linked_qualitative_hpa_evidence,HPA JSON record and gene/pathology links available; IHC staining details require manual review because lung-cancer IHC image-level fields are not structured in this JSON endpoint.
MZB1,ENSG00000170476,dendritic_b_plasma_context,cached,https://www.proteinatlas.org/ENSG00000170476-MZB1,https://www.proteinatlas.org/ENSG00000170476-MZB1/pathology/lung+cancer,Marginal zone B and B1 cell specific protein,Q8WU39,Predicted secreted proteins,Evidence at protein level,Evidence at protein level,Enhanced,2,HPA043745;HPA052694,Low cancer specificity,Detected in many,Tissue enhanced,Detected in many,Cluster 66: Lymphoid tissue - Immune response,Lung - Plasma cells,unparsed_link_available,not_structured_in_json,not_structured_in_json,not_structured_in_json,manual_review_required,unprognostic,,2.53e-2,unprognostic,,4.01e-3,supported_or_linked_qualitative_hpa_evidence,HPA JSON record and gene/pathology links available; IHC staining details require manual review because lung-cancer IHC image-level fields are not structured in this JSON endpoint.
JCHAIN,ENSG00000132465,dendritic_b_plasma_context,cached,https://www.proteinatlas.org/ENSG00000132465-JCHAIN,https://www.proteinatlas.org/ENSG00000132465-JCHAIN/pathology/lung+cancer,Joining chain of multimeric IgA and IgM,P01591,Plasma proteins;Predicted secreted proteins,Evidence at protein level,Evidence at protein level,Enhanced,2,CAB034436;HPA044132,Low cancer specificity,Detected in all,Tissue enhanced,Detected in all,Cluster 77: Intestine - Digestion,Lung - Plasma cells,unparsed_link_available,not_structured_in_json,not_structured_in_json,not_structured_in_json,manual_review_required,unprognostic,,1.84e-3,potential prognostic,favorable,2.45e-4,supported_or_linked_qualitative_hpa_evidence,HPA JSON record and gene/pathology links available; IHC staining details require manual review because lung-cancer IHC image-level fields are not structured in this JSON endpoint.
CD74,ENSG00000019582,dendritic_b_plasma_context,cached,https://www.proteinatlas.org/ENSG00000019582-CD74,https://www.proteinatlas.org/ENSG00000019582-CD74/pathology/lung+cancer,CD74 molecule,P04233,Cancer-related genes;CD markers;Disease related genes;Potential drug targets;Predicted membrane proteins;Predicted secreted proteins;Transporters,Evidence at protein level,Evidence at protein level,Enhanced,3,CAB002506;HPA010592;CAB079994,Low cancer specificity,Detected in all,Tissue enhanced,Detected in all,Cluster 18: Lymphoid tissue - Immune response,,unparsed_link_available,not_structured_in_json,not_structured_in_json,not_structured_in_json,manual_review_required,unprognostic,,1.12e-3,unprognostic,,9.15e-2,supported_or_linked_qualitative_hpa_evidence,HPA JSON record and gene/pathology links available; IHC staining details require manual review because lung-cancer IHC image-level fields are not structured in this JSON endpoint.
HLA-DRA,ENSG00000204287,dendritic_b_plasma_context,cached,https://www.proteinatlas.org/ENSG00000204287-HLA-DRA,https://www.proteinatlas.org/ENSG00000204287-HLA-DRA/pathology/lung+cancer,"Major histocompatibility complex, class II, DR alpha",P01903,Plasma proteins;Predicted membrane proteins,Evidence at protein level,Evidence at protein level,Enhanced,4,CAB002798;CAB015402;HPA050162;HPA053176,Low cancer specificity,Detected in all,Group enriched,Detected in all,Cluster 66: Lymphoid tissue - Immune response,,unparsed_link_available,not_structured_in_json,not_structured_in_json,not_structured_in_json,manual_review_required,unprognostic,,4.69e-3,unprognostic,,3.36e-1,supported_or_linked_qualitative_hpa_evidence,HPA JSON record and gene/pathology links available; IHC staining details require manual review because lung-cancer IHC image-level fields are not structured in this JSON endpoint.
HLA-DRB1,ENSG00000196126,dendritic_b_plasma_context,cached,https://www.proteinatlas.org/ENSG00000196126-HLA-DRB1,https://www.proteinatlas.org/ENSG00000196126-HLA-DRB1/pathology/lung+cancer,"Major histocompatibility complex, class II, DR beta 1",P01911,Disease related genes;Human disease related genes;Plasma proteins;Predicted membrane proteins,Evidence at protein level,Evidence at protein level,Enhanced,3,CAB015400;CAB034021;HPA043151,Low cancer specificity,Detected in all,Group enriched,Detected in many,Cluster 66: Lymphoid tissue - Immune response,,unparsed_link_available,not_structured_in_json,not_structured_in_json,not_structured_in_json,manual_review_required,unprognostic,,1.09e-2,unprognostic,,1.43e-1,supported_or_linked_qualitative_hpa_evidence,HPA JSON record and gene/pathology links available; IHC staining details require manual review because lung-cancer IHC image-level fields are not structured in this JSON endpoint.
CD79B,ENSG00000007312,dendritic_b_plasma_context,cached,https://www.proteinatlas.org/ENSG00000007312-CD79B,https://www.proteinatlas.org/ENSG00000007312-CD79B/pathology/lung+cancer,CD79b molecule,P40259,Cancer-related genes;CD markers;Disease related genes;FDA approved drug targets;Human disease related genes;Predicted membrane proteins,Evidence at protein level,Evidence at protein level,Enhanced,3,HPA009178;CAB009751;HPA044107,Low cancer specificity,Detected in all,Tissue enriched,Detected in some,Cluster 18: Lymphoid tissue - Immune response,,unparsed_link_available,not_structured_in_json,not_structured_in_json,not_structured_in_json,manual_review_required,potential prognostic,favorable,2.91e-4,unprognostic,,1.02e-1,supported_or_linked_qualitative_hpa_evidence,HPA JSON record and gene/pathology links available; IHC staining details require manual review because lung-cancer IHC image-level fields are not structured in this JSON endpoint.
XBP1,ENSG00000100219,dendritic_b_plasma_context,cached,https://www.proteinatlas.org/ENSG00000100219-XBP1,https://www.proteinatlas.org/ENSG00000100219-XBP1/pathology/lung+cancer,X-box binding protein 1,P17861,Cancer-related genes;Disease related genes;Human disease related genes;Predicted intracellular proteins;Predicted membrane proteins;Transcription factors,Evidence at transcript level,Evidence at protein level,,0,,Cancer enhanced,Detected in all,Not detected,Not detected,Cluster 8: Pancreas - Proteolysis,Lung - Alveolar cells type 2,unparsed_link_available,not_structured_in_json,not_structured_in_json,not_structured_in_json,manual_review_required,unprognostic,,7.64e-3,unprognostic,,4.65e-2,hpa_record_available_uncertain_ih,HPA JSON record and gene/pathology links available; IHC staining details require manual review because lung-cancer IHC image-level fields are not structured in this JSON endpoint.
VIM,ENSG00000026025,emt_like_malignant_program,cached,https://www.proteinatlas.org/ENSG00000026025-VIM,https://www.proteinatlas.org/ENSG00000026025-VIM/pathology/lung+cancer,Vimentin,P08670,Disease related genes;Human disease related genes;Plasma proteins;Predicted intracellular proteins,Evidence at protein level,Evidence at protein level,Enhanced,3,CAB000080;HPA001762;CAB058687,Low cancer specificity,Detected in all,Low tissue specificity,Detected in all,Cluster 12: Smooth muscle tissue - ECM organization,,unparsed_link_available,not_structured_in_json,not_structured_in_json,not_structured_in_json,manual_review_required,unprognostic,,1.44e-1,unprognostic,,3.07e-3,supported_or_linked_qualitative_hpa_evidence,HPA JSON record and gene/pathology links available; IHC staining details require manual review because lung-cancer IHC image-level fields are not structured in this JSON endpoint.
FN1,ENSG00000115414,emt_like_malignant_program,cached,https://www.proteinatlas.org/ENSG00000115414-FN1,https://www.proteinatlas.org/ENSG00000115414-FN1/pathology/lung+cancer,Fibronectin 1,P02751,Cancer-related genes;Candidate cardiovascular disease genes;Disease related genes;FDA approved drug targets;Human disease related genes;Plasma proteins;Predicted intracellular proteins;Predicted secreted proteins,Evidence at protein level,Evidence at protein level,Enhanced,2,CAB000126;HPA027066,Cancer enhanced,Detected in all,Tissue enriched,Detected in all,Cluster 14: Adipose tissue - Angiogenesis,,unparsed_link_available,not_structured_in_json,not_structured_in_json,not_structured_in_json,manual_review_required,unprognostic,,5.30e-2,unprognostic,,1.32e-3,supported_or_linked_qualitative_hpa_evidence,HPA JSON record and gene/pathology links available; IHC staining details require manual review because lung-cancer IHC image-level fields are not structured in this JSON endpoint.
SNAI1,ENSG00000124216,emt_like_malignant_program,cached,https://www.proteinatlas.org/ENSG00000124216-SNAI1,https://www.proteinatlas.org/ENSG00000124216-SNAI1/pathology/lung+cancer,Snail family transcriptional repressor 1,O95863,Predicted intracellular proteins;Transcription factors,Evidence at protein level,Evidence at protein level,Supported,5,CAB005883;HPA056831;HPA069985;CAB078687;CAB080398,Low cancer specificity,Detected in all,Not detected,Not detected,Cluster 14: Adipose tissue - Angiogenesis,,unparsed_link_available,not_structured_in_json,not_structured_in_json,not_structured_in_json,manual_review_required,potential prognostic,unfavorable,9.71e-4,unprognostic,,6.30e-2,supported_or_linked_qualitative_hpa_evidence,HPA JSON record and gene/pathology links available; IHC staining details require manual review because lung-cancer IHC image-level fields are not structured in this JSON endpoint.
SNAI2,ENSG00000019549,emt_like_malignant_program,cached,https://www.proteinatlas.org/ENSG00000019549-SNAI2,https://www.proteinatlas.org/ENSG00000019549-SNAI2/pathology/lung+cancer,Snail family transcriptional repressor 2,O43623,Disease related genes;Human disease related genes;Predicted intracellular proteins;Transcription factors,Evidence at protein level,Evidence at protein level,Supported,3,HPA000971;CAB011671;HPA065884,Low cancer specificity,Detected in all,Not detected,Not detected,Cluster 75: Ovary - Mixed function,,unparsed_link_available,not_structured_in_json,not_structured_in_json,not_structured_in_json,manual_review_required,unprognostic,,1.47e-3,unprognostic,,1.01e-2,supported_or_linked_qualitative_hpa_evidence,HPA JSON record and gene/pathology links available; IHC staining details require manual review because lung-cancer IHC image-level fields are not structured in this JSON endpoint.
ZEB1,ENSG00000148516,emt_like_malignant_program,cached,https://www.proteinatlas.org/ENSG00000148516-ZEB1,https://www.proteinatlas.org/ENSG00000148516-ZEB1/pathology/lung+cancer,Zinc finger E-box binding homeobox 1,P37275,Disease related genes;Human disease related genes;Predicted intracellular proteins;Transcription factors,Evidence at protein level,Evidence at protein level,Enhanced,3,HPA027524;CAB058686;CAB079943,Cancer enhanced,Detected in all,Tissue enriched,Detected in some,Cluster 25: Non-specific - Basic cellular processes,,unparsed_link_available,not_structured_in_json,not_structured_in_json,not_structured_in_json,manual_review_required,unprognostic,,6.50e-2,unprognostic,,4.04e-2,supported_or_linked_qualitative_hpa_evidence,HPA JSON record and gene/pathology links available; IHC staining details require manual review because lung-cancer IHC image-level fields are not structured in this JSON endpoint.
CDH2,ENSG00000170558,emt_like_malignant_program,cached,https://www.proteinatlas.org/ENSG00000170558-CDH2,https://www.proteinatlas.org/ENSG00000170558-CDH2/pathology/lung+cancer,Cadherin 2,P19022,CD markers;Disease related genes;Human disease related genes;Plasma proteins;Predicted intracellular proteins;Predicted membrane proteins,Evidence at protein level,Evidence at protein level,Enhanced,5,CAB000141;CAB018580;HPA058574;CAB078686;CAB080169,Cancer enhanced,Detected in many,Tissue enriched,Detected in many,Cluster 35: Non-specific - Mixed function,,unparsed_link_available,not_structured_in_json,not_structured_in_json,not_structured_in_json,manual_review_required,unprognostic,,2.64e-2,unprognostic,,7.69e-2,supported_or_linked_qualitative_hpa_evidence,HPA JSON record and gene/pathology links available; IHC staining details require manual review because lung-cancer IHC image-level fields are not structured in this JSON endpoint.
ITGA5,ENSG00000161638,emt_like_malignant_program,cached,https://www.proteinatlas.org/ENSG00000161638-ITGA5,https://www.proteinatlas.org/ENSG00000161638-ITGA5/pathology/lung+cancer,Integrin subunit alpha 5,P08648,Cancer-related genes;CD markers;Plasma proteins;Predicted membrane proteins;Transporters,Evidence at protein level,Evidence at protein level,Enhanced,2,HPA002642;CAB009008,Low cancer specificity,Detected in all,Group enriched,Detected in all,Cluster 12: Smooth muscle tissue - ECM organization,,unparsed_link_available,not_structured_in_json,not_structured_in_json,not_structured_in_json,manual_review_required,unprognostic,,2.03e-3,potential prognostic,unfavorable,1.36e-5,supported_or_linked_qualitative_hpa_evidence,HPA JSON record and gene/pathology links available; IHC staining details require manual review because lung-cancer IHC image-level fields are not structured in this JSON endpoint.
ZEB2,ENSG00000169554,emt_like_malignant_program,cached,https://www.proteinatlas.org/ENSG00000169554-ZEB2,https://www.proteinatlas.org/ENSG00000169554-ZEB2/pathology/lung+cancer,Zinc finger E-box binding homeobox 2,O60315,Disease related genes;Human disease related genes;Predicted intracellular proteins;Transcription factors,Evidence at protein level,Evidence at protein level,Approved,1,HPA003456,Low cancer specificity,Detected in all,Tissue enhanced,Detected in many,Cluster 3: Oligodendrocytes - Myelination,,unparsed_link_available,not_structured_in_json,not_structured_in_json,not_structured_in_json,manual_review_required,unprognostic,,8.41e-3,unprognostic,,9.64e-3,supported_or_linked_qualitative_hpa_evidence,HPA JSON record and gene/pathology links available; IHC staining details require manual review because lung-cancer IHC image-level fields are not structured in this JSON endpoint.
CA9,ENSG00000107159,hypoxia,cached,https://www.proteinatlas.org/ENSG00000107159-CA9,https://www.proteinatlas.org/ENSG00000107159-CA9/pathology/lung+cancer,Carbonic anhydrase 9,Q16790,Enzymes;FDA approved drug targets;Metabolic proteins;Predicted membrane proteins;Transporters,Evidence at protein level,Evidence at protein level,Enhanced,3,CAB005100;CAB017107;HPA055207,Cancer enhanced,Detected in many,Tissue enriched,Detected in some,Cluster 60: Stomach - Digestion,,unparsed_link_available,not_structured_in_json,not_structured_in_json,not_structured_in_json,manual_review_required,unprognostic,,2.38e-3,potential prognostic,unfavorable,4.33e-5,supported_or_linked_qualitative_hpa_evidence,HPA JSON record and gene/pathology links available; IHC staining details require manual review because lung-cancer IHC image-level fields are not structured in this JSON endpoint.
SLC2A1,ENSG00000117394,hypoxia,cached,https://www.proteinatlas.org/ENSG00000117394-SLC2A1,https://www.proteinatlas.org/ENSG00000117394-SLC2A1/pathology/lung+cancer,Solute carrier family 2 member 1,P11166,Cancer-related genes;Disease related genes;Human disease related genes;Metabolic proteins;Plasma proteins;Potential drug targets;Predicted intracellular proteins;Predicted membrane proteins;Transporters,Evidence at protein level,Evidence at protein level,Enhanced,3,CAB002759;HPA031345;HPA058494,Low cancer specificity,Detected in all,Low tissue specificity,Detected in all,Cluster 11: Esophagus - Basic cellular processes,,unparsed_link_available,not_structured_in_json,not_structured_in_json,not_structured_in_json,manual_review_required,validated prognostic,unfavorable,5.40e-9,validated prognostic,unfavorable,3.54e-4,supported_or_linked_qualitative_hpa_evidence,HPA JSON record and gene/pathology links available; IHC staining details require manual review because lung-cancer IHC image-level fields are not structured in this JSON endpoint.
EGLN3,ENSG00000129521,hypoxia,cached,https://www.proteinatlas.org/ENSG00000129521-EGLN3,https://www.proteinatlas.org/ENSG00000129521-EGLN3/pathology/lung+cancer,Egl-9 family hypoxia inducible factor 3,Q9H6Z9,Enzymes;FDA approved drug targets;Predicted intracellular proteins,Evidence at protein level,Evidence at protein level,,1,HPA064895,Cancer enriched,Detected in all,Tissue enriched,Detected in some,Cluster 58: Skin - Keratinization,,unparsed_link_available,not_structured_in_json,not_structured_in_json,not_structured_in_json,manual_review_required,potential prognostic,unfavorable,1.62e-4,unprognostic,,1.90e-3,supported_or_linked_qualitative_hpa_evidence,HPA JSON record and gene/pathology links available; IHC staining details require manual review because lung-cancer IHC image-level fields are not structured in this JSON endpoint.
VEGFA,ENSG00000112715,hypoxia,cached,https://www.proteinatlas.org/ENSG00000112715-VEGFA,https://www.proteinatlas.org/ENSG00000112715-VEGFA/pathology/lung+cancer,Vascular endothelial growth factor A,P15692,Cancer-related genes;Candidate cardiovascular disease genes;Disease related genes;FDA approved drug targets;Human disease related genes;Plasma proteins;Predicted intracellular proteins;Predicted membrane proteins;Predicted secreted proteins;RAS pathway related proteins,Evidence at protein level,Evidence at protein level,Supported,4,CAB005429;CAB039240;HPA069116;CAB069907,Cancer enhanced,Detected in all,Group enriched,Detected in many,Cluster 48: Ciliated tissues - Cilium organization,,unparsed_link_available,not_structured_in_json,not_structured_in_json,not_structured_in_json,manual_review_required,unprognostic,,1.24e-2,potential prognostic,unfavorable,7.04e-4,supported_or_linked_qualitative_hpa_evidence,HPA JSON record and gene/pathology links available; IHC staining details require manual review because lung-cancer IHC image-level fields are not structured in this JSON endpoint.
LDHA,ENSG00000134333,hypoxia,cached,https://www.proteinatlas.org/ENSG00000134333-LDHA,https://www.proteinatlas.org/ENSG00000134333-LDHA/pathology/lung+cancer,Lactate dehydrogenase A,P00338,Cancer-related genes;Disease related genes;Enzymes;Essential proteins;FDA approved drug targets;Human disease related genes;Metabolic proteins;Plasma proteins;Predicted intracellular proteins,Evidence at protein level,Evidence at protein level,Uncertain,3,CAB015336;CAB069404;HPA075026,Low cancer specificity,Detected in all,Low tissue specificity,Detected in all,Cluster 24: Non-specific - Transcription,,unparsed_link_available,not_structured_in_json,not_structured_in_json,not_structured_in_json,manual_review_required,validated prognostic,unfavorable,2.07e-7,validated prognostic,unfavorable,7.09e-5,supported_or_linked_qualitative_hpa_evidence,HPA JSON record and gene/pathology links available; IHC staining details require manual review because lung-cancer IHC image-level fields are not structured in this JSON endpoint.
BNIP3,ENSG00000176171,hypoxia,cached,https://www.proteinatlas.org/ENSG00000176171-BNIP3,https://www.proteinatlas.org/ENSG00000176171-BNIP3/pathology/lung+cancer,BCL2 interacting protein 3,Q12983,Cancer-related genes;Predicted membrane proteins;Transporters,Evidence at protein level,Evidence at protein level,Supported,2,HPA003015;CAB011676,Low cancer specificity,Detected in all,Tissue enhanced,Detected in many,Cluster 70: Non-specific - Protein processing,,unparsed_link_available,not_structured_in_json,not_structured_in_json,not_structured_in_json,manual_review_required,unprognostic,,3.54e-2,unprognostic,,7.29e-3,supported_or_linked_qualitative_hpa_evidence,HPA JSON record and gene/pathology links available; IHC staining details require manual review because lung-cancer IHC image-level fields are not structured in this JSON endpoint.
TOP2A,ENSG00000131747,proliferation,cached,https://www.proteinatlas.org/ENSG00000131747-TOP2A,https://www.proteinatlas.org/ENSG00000131747-TOP2A/pathology/lung+cancer,DNA topoisomerase II alpha,P11388,Cancer-related genes;Enzymes;Essential proteins;FDA approved drug targets;Plasma proteins;Predicted intracellular proteins,Evidence at protein level,Evidence at protein level,Enhanced,3,CAB002448;HPA006458;HPA026773,Low cancer specificity,Detected in all,Group enriched,Detected in some,Cluster 59: Lymphoid tissue & Bone marrow - Cell proliferation,Lung - Mitotic cells (Lung),unparsed_link_available,not_structured_in_json,not_structured_in_json,not_structured_in_json,manual_review_required,potential prognostic,unfavorable,3.30e-5,unprognostic,,1.47e-3,supported_or_linked_qualitative_hpa_evidence,HPA JSON record and gene/pathology links available; IHC staining details require manual review because lung-cancer IHC image-level fields are not structured in this JSON endpoint.
MKI67,ENSG00000148773,proliferation,cached,https://www.proteinatlas.org/ENSG00000148773-MKI67,https://www.proteinatlas.org/ENSG00000148773-MKI67/pathology/lung+cancer,Marker of proliferation Ki-67,P46013,Cancer-related genes;Plasma proteins;Predicted intracellular proteins,Evidence at protein level,Evidence at protein level,Enhanced,5,CAB000058;HPA000451;HPA001164;CAB068198;CAB080228,Low cancer specificity,Detected in all,Tissue enriched,Detected in some,Cluster 59: Lymphoid tissue & Bone marrow - Cell proliferation,Lung - Mitotic cells (Lung),unparsed_link_available,not_structured_in_json,not_structured_in_json,not_structured_in_json,manual_review_required,validated prognostic,unfavorable,5.03e-5,validated prognostic,unfavorable,4.94e-5,supported_or_linked_qualitative_hpa_evidence,HPA JSON record and gene/pathology links available; IHC staining details require manual review because lung-cancer IHC image-level fields are not structured in this JSON endpoint.
PCNA,ENSG00000132646,proliferation,cached,https://www.proteinatlas.org/ENSG00000132646-PCNA,https://www.proteinatlas.org/ENSG00000132646-PCNA/pathology/lung+cancer,Proliferating cell nuclear antigen,P12004,Cancer-related genes;Disease related genes;Essential proteins;Human disease related genes;Plasma proteins;Predicted intracellular proteins,Evidence at protein level,Evidence at protein level,Enhanced,8,CAB000148;HPA030521;HPA030522;HPA030523;CAB080239;CAB080240;CAB080241;CAB080242,Low cancer specificity,Detected in all,Tissue enhanced,Detected in all,Cluster 44: Bone marrow - Nuclear processes,,unparsed_link_available,not_structured_in_json,not_structured_in_json,not_structured_in_json,manual_review_required,potential prognostic,unfavorable,7.43e-4,unprognostic,,7.72e-3,supported_or_linked_qualitative_hpa_evidence,HPA JSON record and gene/pathology links available; IHC staining details require manual review because lung-cancer IHC image-level fields are not structured in this JSON endpoint.
MCM2,ENSG00000073111,proliferation,cached,https://www.proteinatlas.org/ENSG00000073111-MCM2,https://www.proteinatlas.org/ENSG00000073111-MCM2/pathology/lung+cancer,Minichromosome maintenance complex component 2,P49736,Cancer-related genes;Disease related genes;Enzymes;Essential proteins;Human disease related genes;Plasma proteins;Potential drug targets;Predicted intracellular proteins,Evidence at protein level,Evidence at protein level,Enhanced,4,CAB000303;HPA031450;HPA031495;HPA031496,Low cancer specificity,Detected in all,Tissue enriched,Detected in many,Cluster 44: Bone marrow - Nuclear processes,,unparsed_link_available,not_structured_in_json,not_structured_in_json,not_structured_in_json,manual_review_required,unprognostic,,1.54e-3,unprognostic,,2.22e-3,supported_or_linked_qualitative_hpa_evidence,HPA JSON record and gene/pathology links available; IHC staining details require manual review because lung-cancer IHC image-level fields are not structured in this JSON endpoint.
MCM5,ENSG00000100297,proliferation,cached,https://www.proteinatlas.org/ENSG00000100297-MCM5,https://www.proteinatlas.org/ENSG00000100297-MCM5/pathology/lung+cancer,Minichromosome maintenance complex component 5,P33992,Cancer-related genes;Disease related genes;Enzymes;Essential proteins;Human disease related genes;Plasma proteins;Potential drug targets;Predicted intracellular proteins,Evidence at protein level,Evidence at protein level,Enhanced,3,CAB000101;HPA000845;HPA052880,Low cancer specificity,Detected in all,Tissue enhanced,Detected in many,Cluster 44: Bone marrow - Nuclear processes,,unparsed_link_available,not_structured_in_json,not_structured_in_json,not_structured_in_json,manual_review_required,potential prognostic,unfavorable,4.15e-7,unprognostic,,5.09e-2,supported_or_linked_qualitative_hpa_evidence,HPA JSON record and gene/pathology links available; IHC staining details require manual review because lung-cancer IHC image-level fields are not structured in this JSON endpoint.
CCNB1,ENSG00000134057,proliferation,cached,https://www.proteinatlas.org/ENSG00000134057-CCNB1,https://www.proteinatlas.org/ENSG00000134057-CCNB1/pathology/lung+cancer,Cyclin B1,P14635,Cancer-related genes;Essential proteins;Plasma proteins;Predicted intracellular proteins;Transporters,Evidence at protein level,Evidence at protein level,Enhanced,4,CAB000115;CAB003804;HPA030741;HPA061448,Low cancer specificity,Detected in all,Not detected,Not detected,Cluster 59: Lymphoid tissue & Bone marrow - Cell proliferation,Lung - Mitotic cells (Lung),unparsed_link_available,not_structured_in_json,not_structured_in_json,not_structured_in_json,manual_review_required,validated prognostic,unfavorable,4.62e-7,validated prognostic,unfavorable,4.74e-4,supported_or_linked_qualitative_hpa_evidence,HPA JSON record and gene/pathology links available; IHC staining details require manual review because lung-cancer IHC image-level fields are not structured in this JSON endpoint.
CDK1,ENSG00000170312,proliferation,cached,https://www.proteinatlas.org/ENSG00000170312-CDK1,https://www.proteinatlas.org/ENSG00000170312-CDK1/pathology/lung+cancer,Cyclin dependent kinase 1,P06493,Cancer-related genes;Enzymes;Essential proteins;Plasma proteins;Predicted intracellular proteins;Transporters,Evidence at protein level,Evidence at protein level,Enhanced,3,HPA003387;CAB003799;CAB079974,Low cancer specificity,Detected in all,Group enriched,Detected in some,Cluster 59: Lymphoid tissue & Bone marrow - Cell proliferation,Lung - Mitotic cells (Lung),unparsed_link_available,not_structured_in_json,not_structured_in_json,not_structured_in_json,manual_review_required,potential prognostic,unfavorable,3.19e-6,unprognostic,,1.72e-3,supported_or_linked_qualitative_hpa_evidence,HPA JSON record and gene/pathology links available; IHC staining details require manual review because lung-cancer IHC image-level fields are not structured in this JSON endpoint.
